"UUID","variant_DNA","variant_protein","age_onset","Onset_group","age_onset_m","focal","bilateral_tc","absence","infantile","abnormal_eeg","unique_types"
"c51c487e-87f6-4621-ae28-063421ece9b3","c.4409A>G","p.Gln1470Arg",211,"7-12 Months",7.03333333333333,0,0,0,0,1,0
"e320e6d6-0e44-423f-a3dc-18029444b6e8","c.4774G>C","p.Val1592Leu",162,"4-7 Months",5.4,0,1,0,0,1,1
"04c33d94-9c8a-4d27-85cc-8a4af03b6c54","c.1250A>C","p.Gln417Pro",NA,NA,NA,1,0,0,1,1,2
"d085ce5d-3a27-4261-b3a9-03fdc84f9430","c.4423G>A","p.Gly1475Arg",144,"4-7 Months",4.8,0,0,0,0,1,NA
"6acf6198-f2b4-4468-9234-7d2b4710e14f","c.1207G>A","p.Val403Met",2136,"12+ Months",71.2,NA,NA,NA,NA,NA,NA
"54d7c124-efac-4738-bbcc-f8139fe0d808","c.3819+2T>C",NA,2874,"12+ Months",95.8,NA,NA,NA,NA,1,NA
"d04c1f7a-f357-47d5-8e41-4d535e49fa4a","c.5555C>T","p.Thr1852Ile",106,"1-4 Months",3.53333333333333,1,1,0,0,1,2
"bd3d0985-311e-4a42-a40b-ff295cd0b64e","c.4447G>A","p.Glu1483Lys",6357,"12+ Months",211.9,NA,NA,NA,NA,NA,NA
"1e5d723d-eba3-4b9a-b732-b6a2dae83ced","c.3967G>A","p.Ala1323Thr",361,"7-12 Months",12.0333333333333,1,0,0,0,0,1
"2e335784-6f3a-4982-a800-dd125ed7fa31","c.632T>G","p.Val211Gly",324,"7-12 Months",10.8,1,0,0,0,0,1
"6e5adadd-cc5c-4a50-90a1-0a8997a9e87d","c.497C>T","p.Thr166Ile",52,"1-4 Months",1.73333333333333,1,1,0,1,1,6
"51f1227c-8312-4c5c-bb8a-fd240a7fb5ab","c.2549G>A","p.Arg850Gln",177,"4-7 Months",5.9,1,0,0,1,1,3
"ff572f13-cb3a-4062-b80c-835da555f2cd","c.5615G>A","p.Arg1872Gln",137,"4-7 Months",4.56666666666667,1,1,0,0,1,2
"ef4aa67a-8421-4e40-92eb-44c60305fde6","c.2642T>C","p.Val881Ala",288,"7-12 Months",9.6,0,0,0,1,1,1
"9527087a-40c6-48e4-993c-e3f12f746ee2","c.4393G>A","p.Asp1465Asn",920,"12+ Months",30.6666666666667,0,0,0,0,1,NA
"5ba9555a-4f9c-45fa-945f-02c679614e18","c.4141G>A","p.Glu1381Lys",9,"Neonatal",0.3,0,1,0,0,1,2
"edb5f39d-987a-481e-8a09-2b549a96e92e","c.800T>C","p.Leu267Ser",104,"1-4 Months",3.46666666666667,1,1,0,0,1,5
"9f18be70-eaa0-46a3-9aaa-ee705216cb41","c.417G>A","p.Met139Ile",397,"12+ Months",13.2333333333333,0,0,0,0,NA,0
"409008b9-671d-456e-96a0-8236a5ee7dbf","c.718A>G","p.Ile240Val",173,"4-7 Months",5.76666666666667,1,1,0,0,1,4
"b17a5dff-ebfb-4621-97b9-a0072da41851","c.928+5G>A",NA,318,"7-12 Months",10.6,0,0,1,0,0,0
"47c27adc-27bd-41df-b39c-ae70495716cb","c.4780A>C","p.Ile1594Leu",651,"12+ Months",21.7,0,0,0,0,1,1
"1f065541-31bc-43ce-88c4-584c8849bc11","c.5614C>T","p.Arg1872Trp",9,"Neonatal",0.3,0,1,0,0,1,2
"588a77f3-6a37-4757-8941-070f69cf95b1","c.1779G>C","p.Glu593Asp",925,"12+ Months",30.8333333333333,0,0,0,0,1,NA
"a729e5c1-bb70-4582-82a5-141ee71bf9ac","c.394T>C","p.Ser132Pro",268,"7-12 Months",8.93333333333333,0,1,0,0,1,3
"59a824c2-5f74-40dd-b6e1-785f1aca8c97","c.5297T>G","p.Leu1766Arg",10,"Neonatal",0.333333333333333,1,1,0,0,1,3
"56d3dc1e-63d5-4ad6-9493-57de0fd7ef0e","c.3914G>C","p.Arg1305Thr",4870,"12+ Months",162.333333333333,NA,NA,NA,NA,NA,NA
"47815af9-7429-4c05-a21c-ad373b1103c7","c.5615G>T","p.Arg1872Leu",30,"Neonatal",1,0,1,0,0,1,2
"5c8bb15f-1f87-41a1-8932-ff18afdba917","c.3148G>A","p.Gly1050Ser",335,"7-12 Months",11.1666666666667,0,0,0,0,1,1
"0ca73c00-6d87-4dda-962a-770faa0782d2","c.2543T>G","p.Leu848Trp",256,"7-12 Months",8.53333333333333,0,1,0,0,1,2
"b633f077-df16-4c7c-ab40-aa83fa7608d6","c.4049C>T","p.Ala1350Val",93,"1-4 Months",3.1,0,0,0,0,NA,0
"ec227c21-6fdc-46c2-95ef-4ecb6603083c","c.1759G>T","p.Glu587*",1603,"12+ Months",53.4333333333333,NA,NA,NA,NA,NA,NA
"aeff5c7c-86ea-4d70-a891-a34fe4477fe0","c.134G>A","p.Arg45GIn",2,"Neonatal",0.0666666666666667,1,0,0,0,1,0
"ce45fc4e-0416-4001-895c-6275a532d2e6","c.5426C>A","p.Ala1809Glu",550,"12+ Months",18.3333333333333,0,0,0,0,NA,0
"1e66ce47-b9fe-460f-9346-796a9e2bf5f3","c.4023_4024dup",NA,2441,"12+ Months",81.3666666666667,NA,NA,NA,NA,NA,NA
"00bf8331-4336-4010-8d08-3bbc076ec0f5","c.2936C>T","p.Ser979Phe",43,"1-4 Months",1.43333333333333,1,1,1,0,1,4
"04b83955-018d-4b04-bae8-e77615820a58","c.5615G>T","p.Arg1872Leu",57,"1-4 Months",1.9,1,1,0,0,1,4
"42e08160-64fd-4f1f-9d7a-f771650073d7","c.1228G>C","p.Val410Leu",224,"7-12 Months",7.46666666666667,1,1,1,1,1,3
"0ccd19cb-69fa-491f-97c7-14fd3f1dcef5","c.4435A>G","p.Ile1479Val",1,"Neonatal",0.0333333333333333,1,1,0,0,1,3
"422f6362-43ef-4e55-95f5-a4fb6ee50ff4","c.4889T>C","p.Leu1630Pro",484,"12+ Months",16.1333333333333,0,1,0,0,1,2
"12a26181-f80d-4993-a2af-1e3019d4ec95","c.5614C>T","p.Arg1872Trp",97,"1-4 Months",3.23333333333333,1,1,0,0,1,3
"d325c1da-237a-4209-af0a-4560d09ff658","c.3979A>G","p.Ile1327Val",22,"Neonatal",0.733333333333333,0,1,0,0,1,1
"a0db758a-9a41-4a88-b57e-9f2e5f29bf78","c.2603T>C","p.Ile868Thr",48,"1-4 Months",1.6,1,1,1,0,1,5
"a6a301ea-bdf5-4111-be04-78a0fb73960a","c.2799G>T","p.Leu933Phe",307,"7-12 Months",10.2333333333333,0,0,1,0,1,0
"d3b527d5-0662-42a1-9e0c-67d4cc908595","c.2930T>C","p.Leu977Pro",84,"1-4 Months",2.8,0,0,0,1,1,1
"e02e1f36-7df8-4cbf-9e12-872a38b8a8bf","c.4423G>A","p.Gly1475Arg",264,"7-12 Months",8.8,1,0,0,0,1,0
"37efebcd-4599-4360-8950-bd522cccec27","c.5538C>A","p.Asp1846Glu",176,"4-7 Months",5.86666666666667,1,1,0,0,1,3
"12958865-1073-4404-a54a-f855b6c44b85","c.5630A>G","p.Asn1877Ser",292,"7-12 Months",9.73333333333333,0,1,0,0,0,1
"fb4dc826-0823-4535-8283-04a6bb4968d2","c.2518C>T","p.Leu840Phe",62,"1-4 Months",2.06666666666667,1,1,0,0,1,2
"7c192916-2b3a-44bc-b42f-f92f6f81bd41","c.4850G>A","p.Arg1617Gln",157,"4-7 Months",5.23333333333333,0,1,0,0,1,1
"324c6ea2-b518-482e-ad72-6e5d1c365504","c.5275A>C","p.Asn1759His",33,"1-4 Months",1.1,1,1,0,0,1,2
"166766fd-f23b-4306-a2f8-91e5f20a4172","c.614C>A","p.Ala205Glu",104,"1-4 Months",3.46666666666667,1,1,1,1,1,4
"b9a324cc-affd-4302-8949-12988004bfb7","c.5816C>C/T","p.Pro1939Leu",2885,"12+ Months",96.1666666666667,NA,NA,NA,NA,NA,NA
"aab1bbd7-596c-4c76-b047-e859434ec997","c.4850G>A","p.Arg1617Gln",334,"7-12 Months",11.1333333333333,0,0,0,0,0,0
"dc15a4e2-a7f1-42be-8418-d5da4f2abe40","c.1099A>G","p.Met367Val",133,"4-7 Months",4.43333333333333,0,1,0,0,1,2
"44720703-57ab-4c29-ab8b-3e1a8200a096","c.4883T>G","p.Leu1628Trp",123,"4-7 Months",4.1,1,1,0,0,1,2
"a0a0ed2d-1f61-4fa4-86e7-91fcde0ae084","c.718A>C","p.Ile240Leu",151,"4-7 Months",5.03333333333333,0,1,1,0,1,3
"4cdd2c4c-efa0-4ca8-90aa-b77fe60d9cc3","c.3944T>C","p.Val1315Ala",50,"1-4 Months",1.66666666666667,1,1,0,0,1,3
"6f7d6b24-2596-4245-a7bb-046dbe3fdbe2","c.2548C>T","p.Arg850*",NA,NA,NA,NA,NA,NA,NA,NA,NA
"849ac8d6-e9f0-48fc-b775-801f7bf03882","c.779T>C","p.Phe260Ser",57,"1-4 Months",1.9,1,1,0,0,1,3
"b9a49da3-795b-49a5-a198-b54b69efc7fe","c.1225G>C","p.Val409Leu",34,"1-4 Months",1.13333333333333,1,1,0,0,1,2
"bae51aa8-6c1f-4ea1-8005-f07558477c41","c.4501C>A","p.Gln1501Lys",138,"4-7 Months",4.6,1,1,0,0,1,2
"c1046a01-ecb6-4193-b54a-7fde39bae9c4","c.2549G>A","p.Arg850Gln",80,"1-4 Months",2.66666666666667,1,0,0,1,1,2
"8d912349-aca0-4a74-98a7-c574d56bfc7d","c.3995T>G","p.Leu1332Arg",86,"1-4 Months",2.86666666666667,0,1,0,1,1,4
"73f5def4-d325-4abc-a24f-5d4d0b1fa72d","c.2549G>A","p.Arg850Gln",69,"1-4 Months",2.3,1,1,0,1,1,6
"bf66f57a-d02d-4101-a533-ec8d6b8acebf","c.4423G>A","p.Gly1475Arg",44,"1-4 Months",1.46666666666667,1,1,0,0,1,2
"e390a903-b1c2-4170-bb17-b6f37e370716","c.4819G>A","p.Glu1607Lys",244,"7-12 Months",8.13333333333333,1,1,0,0,1,2
"8aedcfd3-8076-42b8-8037-6cf999b1c80e","c.5614C>T","p.Arg1872Trp",27,"Neonatal",0.9,0,1,0,0,1,2
"e2fee4a7-cadc-4fa1-a766-40cbe5103c71","c.4850G>A","p.Arg1617Gln",306,"7-12 Months",10.2,0,1,0,0,1,1
"5979a566-cb58-460e-932f-af259f152547","c.5280G>A","p.Met1760Ile",132,"4-7 Months",4.4,1,1,0,0,1,3
"fb67ec01-0ced-4abb-a71e-07621dc999ce","c.5157delT","p.Asp1720Thrfs*4",229,"7-12 Months",7.63333333333333,1,0,0,0,1,2
"e3b2858f-6fb3-49c4-abf3-09ea7ccbb568","c.4397A>G","p.Asn1466Ser",158,"4-7 Months",5.26666666666667,0,0,0,0,1,0
"84bad343-f2e0-4ec6-8f19-9d8f22c2d97e","c.5761A>G","p.Thr1921Ala",1094,"12+ Months",36.4666666666667,0,0,1,0,NA,0
"63a0fc61-63b8-4c09-9f42-a2580f9f59c4","c.3960G>T","p.Leu1320Phe",118,"1-4 Months",3.93333333333333,1,1,0,0,1,3
"85ec6265-8a3f-48e4-b1fb-16661647d977","c.2890G>C","p.Gly964Arg",NA,NA,NA,NA,NA,NA,NA,NA,NA
"d9dcf702-a800-46c6-b20a-0df7a0f303a8","c.5630A>G","p.Asn1877Ser",247,"7-12 Months",8.23333333333333,0,1,0,0,1,1
"c76ad8fb-19bc-47ad-8e87-c9c9ae1fee82","c.5269G>A","p.Val1757Ile",81,"1-4 Months",2.7,1,1,0,0,1,4
"a78e0fd2-2e75-464e-b60a-7f9ab86dc408","c.2549G>A","p.Arg850Gln",171,"4-7 Months",5.7,1,1,0,1,1,4
"52928f64-eb12-44b7-a63c-7276af7a9c71","c.4850G>A","p.Arg1617Gln",478,"12+ Months",15.9333333333333,0,0,0,0,1,0
"944f05de-9853-4cc5-9fcf-d47ee7a8dc0f","c.692T>C","p.Ile231Thr",NA,NA,NA,NA,NA,NA,NA,1,NA
"bbb8471f-f12d-499d-99aa-677ea4c77dc5","c.4850G>A","p.Arg1617Gln",164,"4-7 Months",5.46666666666667,1,1,1,0,1,3
"781f9451-bf23-4a8b-9db6-2cdbf4794640","c.2525T>A","p.Val842Glu",342,"7-12 Months",11.4,0,1,0,1,1,2
"c8c1c6e1-7b85-4894-8ac8-2b890157c3b1","c.769C>G","p.Leu257Val",357,"7-12 Months",11.9,1,1,0,0,1,2
"9d63ed35-ec7c-4ea1-ba03-fcfdfdf0ee55","c.649T>C","p.Ser217Pro",98,"1-4 Months",3.26666666666667,1,1,0,1,1,5
